[
  {
    "model": "newspaper_agency.topic",
    "pk": 1,
    "fields": {
      "name": "Technology"
    }
  },
  {
    "model": "newspaper_agency.topic",
    "pk": 2,
    "fields": {
      "name": "Software Development"
    }
  },
  {
    "model": "newspaper_agency.topic",
    "pk": 3,
    "fields": {
      "name": "Artificial Intelligence"
    }
  },
  {
    "model": "newspaper_agency.topic",
    "pk": 4,
    "fields": {
      "name": "Data Science"
    }
  },
  {
    "model": "newspaper_agency.topic",
    "pk": 5,
    "fields": {
      "name": "Cybersecurity"
    }
  },
  {
    "model": "newspaper_agency.topic",
    "pk": 6,
    "fields": {
      "name": "Cloud Computing"
    }
  },
  {
    "model": "newspaper_agency.topic",
    "pk": 7,
    "fields": {
      "name": "Internet of Things (IoT)"
    }
  },
  {
    "model": "newspaper_agency.topic",
    "pk": 8,
    "fields": {
      "name": "Blockchain"
    }
  },
  {
    "model": "newspaper_agency.topic",
    "pk": 9,
    "fields": {
      "name": "Mobile Applications"
    }
  },
  {
    "model": "newspaper_agency.topic",
    "pk": 10,
    "fields": {
      "name": "Web Development"
    }
  },
  {
    "model": "newspaper_agency.topic",
    "pk": 11,
    "fields": {
      "name": "Machine Learning"
    }
  },
  {
    "model": "newspaper_agency.topic",
    "pk": 12,
    "fields": {
      "name": "Augmented Reality (AR)"
    }
  },
  {
    "model": "newspaper_agency.topic",
    "pk": 13,
    "fields": {
      "name": "Virtual Reality (VR)"
    }
  },
  {
    "model": "newspaper_agency.topic",
    "pk": 14,
    "fields": {
      "name": "Quantum Computing"
    }
  },
  {
    "model": "newspaper_agency.topic",
    "pk": 15,
    "fields": {
      "name": "Robotics"
    }
  },
  {
    "model": "newspaper_agency.topic",
    "pk": 16,
    "fields": {
      "name": "Big Data"
    }
  },
  {
    "model": "newspaper_agency.topic",
    "pk": 17,
    "fields": {
      "name": "Cryptocurrency"
    }
  },
  {
    "model": "newspaper_agency.topic",
    "pk": 18,
    "fields": {
      "name": "Bioinformatics"
    }
  },
  {
    "model": "newspaper_agency.topic",
    "pk": 19,
    "fields": {
      "name": "Network Security"
    }
  },
  {
    "model": "newspaper_agency.topic",
    "pk": 20,
    "fields": {
      "name": "Game Development"
    }
  },
  {
    "model": "newspaper_agency.redactor",
    "pk": 1,
    "fields": {
      "username": "tom_readme",
      "first_name": "John",
      "last_name": "Doe",
      "years_of_experience": 5,
      "password": "pbkdf2_sha256$320000$73Z1Y57bcoscZ37s9rE9v0$4SEQ0TtXwJKzO5/CRdFSrTifatiPjkZ38gM2H8Kqsdg=",
      "last_login": null,
      "is_superuser": false,
      "is_staff": false,
      "is_active": true,
      "date_joined": "2022-08-08T14:17:04Z",
      "groups": [],
      "user_permissions": [],
      "email": "redactor.top@news.com"
    }
  },
  {
    "model": "newspaper_agency.redactor",
    "pk": 2,
    "fields": {
      "username": "mike_white",
      "first_name": "Jane",
      "last_name": "Smith",
      "years_of_experience": 8,
      "password": "pbkdf2_sha256$320000$73Z1Y57bcoscZ37s9rE9v0$4SEQ0TtXwJKzO5/CRdFSrTifatiPjkZ38gM2H8Kqsdg=",
      "last_login": null,
      "is_superuser": false,
      "is_staff": false,
      "is_active": true,
      "date_joined": "2022-08-08T14:17:04Z",
      "groups": [],
      "user_permissions": [],
      "email": "redactor.top@news.com"
    }
  },
  {
    "model": "newspaper_agency.redactor",
    "pk": 3,
    "fields": {
      "username": "sky_walker",
      "first_name": "Michael",
      "last_name": "Johnson",
      "years_of_experience": 4,
      "password": "pbkdf2_sha256$320000$73Z1Y57bcoscZ37s9rE9v0$4SEQ0TtXwJKzO5/CRdFSrTifatiPjkZ38gM2H8Kqsdg=",
      "last_login": null,
      "is_superuser": false,
      "is_staff": false,
      "is_active": true,
      "date_joined": "2022-08-08T14:17:04Z",
      "groups": [],
      "user_permissions": [],
      "email": "redactor.top@news.com"
    }
  },
  {
    "model": "newspaper_agency.redactor",
    "pk": 4,
    "fields": {
      "username": "blue_lion",
      "first_name": "Emily",
      "last_name": "Brown",
      "years_of_experience": 6,
      "password": "pbkdf2_sha256$320000$73Z1Y57bcoscZ37s9rE9v0$4SEQ0TtXwJKzO5/CRdFSrTifatiPjkZ38gM2H8Kqsdg=",
      "last_login": null,
      "is_superuser": false,
      "is_staff": false,
      "is_active": true,
      "date_joined": "2022-08-08T14:17:04Z",
      "groups": [],
      "user_permissions": [],
      "email": "redactor.top@news.com"
    }
  },
  {
    "model": "newspaper_agency.redactor",
    "pk": 5,
    "fields": {
      "username": "green_tiger",
      "first_name": "William",
      "last_name": "Taylor",
      "years_of_experience": 7,
      "password": "pbkdf2_sha256$320000$73Z1Y57bcoscZ37s9rE9v0$4SEQ0TtXwJKzO5/CRdFSrTifatiPjkZ38gM2H8Kqsdg=",
      "last_login": null,
      "is_superuser": false,
      "is_staff": false,
      "is_active": true,
      "date_joined": "2022-08-08T14:17:04Z",
      "groups": [],
      "user_permissions": [],
      "email": "redactor.top@news.com"
    }
  },
  {
    "model": "newspaper_agency.redactor",
    "pk": 6,
    "fields": {
      "username": "purple_elephant",
      "first_name": "Olivia",
      "last_name": "Anderson",
      "years_of_experience": 3,
      "password": "pbkdf2_sha256$320000$73Z1Y57bcoscZ37s9rE9v0$4SEQ0TtXwJKzO5/CRdFSrTifatiPjkZ38gM2H8Kqsdg=",
      "last_login": null,
      "is_superuser": false,
      "is_staff": false,
      "is_active": true,
      "date_joined": "2022-08-08T14:17:04Z",
      "groups": [],
      "user_permissions": [],
      "email": "redactor.top@news.com"
    }
  },
  {
    "model": "newspaper_agency.redactor",
    "pk": 7,
    "fields": {
      "username": "yellow_snake",
      "first_name": "James",
      "last_name": "Martinez",
      "years_of_experience": 9,
      "password": "pbkdf2_sha256$320000$73Z1Y57bcoscZ37s9rE9v0$4SEQ0TtXwJKzO5/CRdFSrTifatiPjkZ38gM2H8Kqsdg=",
      "last_login": null,
      "is_superuser": false,
      "is_staff": false,
      "is_active": true,
      "date_joined": "2022-08-08T14:17:04Z",
      "groups": [],
      "user_permissions": [],
      "email": "redactor.top@news.com"
    }
  },
  {
    "model": "newspaper_agency.redactor",
    "pk": 8,
    "fields": {
      "username": "red_panda",
      "first_name": "Emma",
      "last_name": "Garcia",
      "years_of_experience": 5,
      "password": "pbkdf2_sha256$320000$73Z1Y57bcoscZ37s9rE9v0$4SEQ0TtXwJKzO5/CRdFSrTifatiPjkZ38gM2H8Kqsdg=",
      "last_login": null,
      "is_superuser": false,
      "is_staff": false,
      "is_active": true,
      "date_joined": "2022-08-08T14:17:04Z",
      "groups": [],
      "user_permissions": [],
      "email": "redactor.top@news.com"
    }
  },
  {
    "model": "newspaper_agency.redactor",
    "pk": 9,
    "fields": {
      "username": "orange_cat",
      "first_name": "Daniel",
      "last_name": "Rodriguez",
      "years_of_experience": 4,
      "password": "pbkdf2_sha256$320000$73Z1Y57bcoscZ37s9rE9v0$4SEQ0TtXwJKzO5/CRdFSrTifatiPjkZ38gM2H8Kqsdg=",
      "last_login": null,
      "is_superuser": false,
      "is_staff": false,
      "is_active": true,
      "date_joined": "2022-08-08T14:17:04Z",
      "groups": [],
      "user_permissions": [],
      "email": "redactor.top@news.com"
    }
  },
  {
    "model": "newspaper_agency.redactor",
    "pk": 10,
    "fields": {
      "username": "pink_dolphin",
      "first_name": "Ava",
      "last_name": "Hernandez",
      "years_of_experience": 6,
      "password": "pbkdf2_sha256$320000$73Z1Y57bcoscZ37s9rE9v0$4SEQ0TtXwJKzO5/CRdFSrTifatiPjkZ38gM2H8Kqsdg=",
      "last_login": null,
      "is_superuser": false,
      "is_staff": false,
      "is_active": true,
      "date_joined": "2022-08-08T14:17:04Z",
      "groups": [],
      "user_permissions": [],
      "email": "redactor.top@news.com"
    }
  },
  {
    "model": "newspaper_agency.redactor",
    "pk": 11,
    "fields": {
      "username": "white_fox",
      "first_name": "Alexander",
      "last_name": "Lopez",
      "years_of_experience": 7,
      "password": "pbkdf2_sha256$320000$73Z1Y57bcoscZ37s9rE9v0$4SEQ0TtXwJKzO5/CRdFSrTifatiPjkZ38gM2H8Kqsdg=",
      "last_login": null,
      "is_superuser": false,
      "is_staff": false,
      "is_active": true,
      "date_joined": "2022-08-08T14:17:04Z",
      "groups": [],
      "user_permissions": [],
      "email": "redactor.top@news.com"
    }
  },
  {
    "model": "newspaper_agency.redactor",
    "pk": 12,
    "fields": {
      "username": "black_bear",
      "first_name": "Mia",
      "last_name": "Gonzalez",
      "years_of_experience": 4,
      "password": "pbkdf2_sha256$320000$73Z1Y57bcoscZ37s9rE9v0$4SEQ0TtXwJKzO5/CRdFSrTifatiPjkZ38gM2H8Kqsdg=",
      "last_login": null,
      "is_superuser": false,
      "is_staff": false,
      "is_active": true,
      "date_joined": "2022-08-08T14:17:04Z",
      "groups": [],
      "user_permissions": [],
      "email": "redactor.top@news.com"
    }
  },
  {
    "model": "newspaper_agency.redactor",
    "pk": 13,
    "fields": {
      "username": "brown_beaver",
      "first_name": "Ethan",
      "last_name": "Wilson",
      "years_of_experience": 8,
      "password": "pbkdf2_sha256$320000$73Z1Y57bcoscZ37s9rE9v0$4SEQ0TtXwJKzO5/CRdFSrTifatiPjkZ38gM2H8Kqsdg=",
      "last_login": null,
      "is_superuser": false,
      "is_staff": false,
      "is_active": true,
      "date_joined": "2022-08-08T14:17:04Z",
      "groups": [],
      "user_permissions": [],
      "email": "redactor.top@news.com"
    }
  },
  {
    "model": "newspaper_agency.redactor",
    "pk": 14,
    "fields": {
      "username": "gray_wolf",
      "first_name": "Sophia",
      "last_name": "Perez",
      "years_of_experience": 6,
      "password": "pbkdf2_sha256$320000$73Z1Y57bcoscZ37s9rE9v0$4SEQ0TtXwJKzO5/CRdFSrTifatiPjkZ38gM2H8Kqsdg=",
      "last_login": null,
      "is_superuser": false,
      "is_staff": false,
      "is_active": true,
      "date_joined": "2022-08-08T14:17:04Z",
      "groups": [],
      "user_permissions": [],
      "email": "redactor.top@news.com"
    }
  },
  {
    "model": "newspaper_agency.redactor",
    "pk": 15,
    "fields": {
      "username": "black_panther",
      "first_name": "Matthew",
      "last_name": "Torres",
      "years_of_experience": 5,
      "password": "pbkdf2_sha256$320000$73Z1Y57bcoscZ37s9rE9v0$4SEQ0TtXwJKzO5/CRdFSrTifatiPjkZ38gM2H8Kqsdg=",
      "last_login": null,
      "is_superuser": false,
      "is_staff": false,
      "is_active": true,
      "date_joined": "2022-08-08T14:17:04Z",
      "groups": [],
      "user_permissions": [],
      "email": "redactor.top@news.com"
    }
  },
  {
    "model": "newspaper_agency.redactor",
    "pk": 16,
    "fields": {
      "username": "red_robin",
      "first_name": "Isabella",
      "last_name": "Nguyen",
      "years_of_experience": 9,
      "password": "pbkdf2_sha256$320000$73Z1Y57bcoscZ37s9rE9v0$4SEQ0TtXwJKzO5/CRdFSrTifatiPjkZ38gM2H8Kqsdg=",
      "last_login": null,
      "is_superuser": false,
      "is_staff": false,
      "is_active": true,
      "date_joined": "2022-08-08T14:17:04Z",
      "groups": [],
      "user_permissions": [],
      "email": "redactor.top@news.com"
    }
  },
  {
    "model": "newspaper_agency.redactor",
    "pk": 17,
    "fields": {
      "username": "blue_whale",
      "first_name": "Jacob",
      "last_name": "Smith",
      "years_of_experience": 3,
      "password": "pbkdf2_sha256$320000$73Z1Y57bcoscZ37s9rE9v0$4SEQ0TtXwJKzO5/CRdFSrTifatiPjkZ38gM2H8Kqsdg=",
      "last_login": null,
      "is_superuser": false,
      "is_staff": false,
      "is_active": true,
      "date_joined": "2022-08-08T14:17:04Z",
      "groups": [],
      "user_permissions": [],
      "email": "redactor.top@news.com"
    }
  },
  {
    "model": "newspaper_agency.redactor",
    "pk": 18,
    "fields": {
      "username": "green_gorilla",
      "first_name": "Charlotte",
      "last_name": "Kim",
      "years_of_experience": 7,
      "password": "pbkdf2_sha256$320000$73Z1Y57bcoscZ37s9rE9v0$4SEQ0TtXwJKzO5/CRdFSrTifatiPjkZ38gM2H8Kqsdg=",
      "last_login": null,
      "is_superuser": false,
      "is_staff": false,
      "is_active": true,
      "date_joined": "2022-08-08T14:17:04Z",
      "groups": [],
      "user_permissions": [],
      "email": "redactor.top@news.com"
    }
  },
  {
    "model": "newspaper_agency.redactor",
    "pk": 19,
    "fields": {
      "username": "yellow_monkey",
      "first_name": "Daniel",
      "last_name": "Martinez",
      "years_of_experience": 6,
      "password": "pbkdf2_sha256$320000$73Z1Y57bcoscZ37s9rE9v0$4SEQ0TtXwJKzO5/CRdFSrTifatiPjkZ38gM2H8Kqsdg=",
      "last_login": null,
      "is_superuser": false,
      "is_staff": false,
      "is_active": true,
      "date_joined": "2022-08-08T14:17:04Z",
      "groups": [],
      "user_permissions": [],
      "email": "redactor.top@news.com"
    }
  },
  {
    "model": "newspaper_agency.redactor",
    "pk": 20,
    "fields": {
      "username": "pink_rabbit",
      "first_name": "Amelia",
      "last_name": "Jones",
      "years_of_experience": 5,
      "password": "pbkdf2_sha256$320000$73Z1Y57bcoscZ37s9rE9v0$4SEQ0TtXwJKzO5/CRdFSrTifatiPjkZ38gM2H8Kqsdg=",
      "last_login": null,
      "is_superuser": false,
      "is_staff": false,
      "is_active": true,
      "date_joined": "2022-08-08T14:17:04Z",
      "groups": [],
      "user_permissions": [],
      "email": "redactor.top@news.com"
    }
  },
  {
    "model": "newspaper_agency.newspaper",
    "pk": 1,
    "fields": {
      "title": "Technology Trends in 2024",
      "content": "In 2024, technology continues to advance at a rapid pace, with new trends shaping the future of various industries. From artificial intelligence and machine learning to blockchain and quantum computing, this article explores the top technology trends of 2024 and their potential impact on businesses and society. With innovations such as 5G, edge computing, and augmented reality gaining traction, the tech landscape is evolving rapidly, presenting both opportunities and challenges for organizations worldwide.",
      "published_date": "2024-03-12T08:00:00Z",
      "topic": 1,
      "publishers": [
        1
      ]
    }
  },
  {
    "model": "newspaper_agency.newspaper",
    "pk": 2,
    "fields": {
      "title": "The Evolution of Software Development",
      "content": "Software development has come a long way since its inception, evolving from simple scripts to complex systems that power modern society. In this article, we trace the history of software development, from the early days of programming to the rise of agile methodologies and DevOps practices. We explore the key milestones and innovations that have shaped the software industry, as well as the challenges and opportunities that lie ahead. As software continues to play an increasingly central role in our lives, understanding its evolution is crucial for developers and technologists alike.",
      "published_date": "2024-03-12T08:00:00Z",
      "topic": 2,
      "publishers": [
        2
      ]
    }
  },
  {
    "model": "newspaper_agency.newspaper",
    "pk": 3,
    "fields": {
      "title": "The Future of Artificial Intelligence",
      "content": "Artificial intelligence (AI) is poised to revolutionize industries and transform the way we live and work. In this article, we explore the latest advancements in AI technology, from deep learning and neural networks to reinforcement learning and natural language processing. We discuss the potential applications of AI across various sectors, including healthcare, finance, and transportation, as well as the ethical considerations and societal implications of AI development. As AI continues to mature, it presents both opportunities and challenges for businesses and society, requiring careful navigation and responsible stewardship.",
      "published_date": "2024-03-12T08:00:00Z",
      "topic": 3,
      "publishers": [
        3
      ]
    }
  },
  {
    "model": "newspaper_agency.newspaper",
    "pk": 4,
    "fields": {
      "title": "Unleashing the Power of Data Science",
      "content": "Data science is unlocking new insights and driving innovation across industries, from healthcare and finance to marketing and entertainment. In this article, we explore the fundamentals of data science, from data collection and preprocessing to modeling and visualization. We discuss the role of machine learning and artificial intelligence in data analysis, as well as the importance of ethics and privacy in handling sensitive data. As organizations increasingly rely on data to make informed decisions, the demand for skilled data scientists continues to grow, offering exciting opportunities for those with the right skills and expertise.",
      "published_date": "2024-03-12T08:00:00Z",
      "topic": 4,
      "publishers": [
        1
      ]
    }
  },
  {
    "model": "newspaper_agency.newspaper",
    "pk": 5,
    "fields": {
      "title": "Securing the Future: Cybersecurity Trends",
      "content": "As cyber threats continue to evolve, organizations must stay ahead of the curve to protect their data and systems from attack. In this article, we explore the latest trends in cybersecurity, from threat intelligence and zero-trust architecture to secure coding practices and incident response. We discuss the growing importance of cybersecurity in the digital age, as well as the challenges and opportunities facing cybersecurity professionals. With cyber attacks becoming increasingly sophisticated and prevalent, investing in robust cybersecurity measures is essential for safeguarding businesses and individuals alike.",
      "published_date": "2024-03-12T08:00:00Z",
      "topic": 5,
      "publishers": [
        2
      ]
    }
  },
  {
    "model": "newspaper_agency.newspaper",
    "pk": 6,
    "fields": {
      "title": "Navigating the Cloud: Trends and Innovations",
      "content": "Cloud computing continues to revolutionize the way organizations store, manage, and process data. In this article, we explore the latest trends in cloud computing, from multi-cloud architectures and serverless computing to edge computing and hybrid cloud solutions. We discuss the benefits and challenges of cloud adoption, as well as best practices for optimizing cloud infrastructure and ensuring security and compliance. With the cloud market projected to grow exponentially in the coming years, staying informed about the latest cloud trends is essential for businesses looking to harness the power of the cloud.",
      "published_date": "2024-03-12T08:00:00Z",
      "topic": 6,
      "publishers": [
        3
      ]
    }
  },
  {
    "model": "newspaper_agency.newspaper",
    "pk": 7,
    "fields": {
      "title": "The Internet of Things (IoT) Revolution",
      "content": "The Internet of Things (IoT) is transforming industries and reshaping the way we interact with the world around us. In this article, we explore the latest developments in IoT technology, from smart home devices and wearable gadgets to industrial sensors and autonomous vehicles. We discuss the potential applications of IoT across various sectors, including healthcare, agriculture, and manufacturing, as well as the challenges and opportunities facing IoT adoption. With billions of connected devices expected to come online in the coming years, the IoT revolution is set to change the way we live and work.",
      "published_date": "2024-03-12T08:00:00Z",
      "topic": 7,
      "publishers": [
        1
      ]
    }
  },
  {
    "model": "newspaper_agency.newspaper",
    "pk": 8,
    "fields": {
      "title": "Unlocking the Potential of Blockchain Technology",
      "content": "Blockchain technology is revolutionizing industries and transforming the way we transact and exchange value. In this article, we explore the fundamentals of blockchain, from distributed ledgers and smart contracts to decentralized finance and non-fungible tokens (NFTs). We discuss the potential applications of blockchain across various sectors, including finance, supply chain management, and healthcare, as well as the challenges and opportunities facing blockchain adoption. With blockchain poised to disrupt traditional business models and empower individuals, understanding its potential is crucial for organizations looking to stay competitive in the digital age.",
      "published_date": "2024-03-12T08:00:00Z",
      "topic": 8,
      "publishers": [
        2
      ]
    }
  },
  {
    "model": "newspaper_agency.newspaper",
    "pk": 9,
    "fields": {
      "title": "The Future of Mobile Applications",
      "content": "Mobile applications are reshaping the way we live, work, and play, with millions of apps available to users worldwide. In this article, we explore the latest trends in mobile app development, from augmented reality and virtual reality to progressive web apps and cross-platform development frameworks. We discuss the evolving mobile landscape, as well as the challenges and opportunities facing mobile app developers. With smartphones becoming increasingly ubiquitous and powerful, the demand for innovative mobile apps is higher than ever, offering developers exciting opportunities for growth and innovation.",
      "published_date": "2024-03-12T08:00:00Z",
      "topic": 9,
      "publishers": [
        3
      ]
    }
  },
  {
    "model": "newspaper_agency.newspaper",
    "pk": 10,
    "fields": {
      "title": "The Future of Web Development",
      "content": "Web development is undergoing rapid evolution, with new technologies and frameworks emerging to create more dynamic and interactive web experiences. In this article, we explore the latest trends in web development, from progressive web apps and single-page applications to serverless architectures and headless CMS. We discuss the importance of web performance and accessibility, as well as best practices for designing responsive and user-friendly websites. With the web becoming increasingly integral to our daily lives, staying ahead of the curve in web development is essential for businesses looking to attract and retain customers online.",
      "published_date": "2024-03-12T08:00:00Z",
      "topic": 10,
      "publishers": [
        1
      ]
    }
  },
  {
    "model": "newspaper_agency.newspaper",
    "pk": 11,
    "fields": {
      "title": "Machine Learning: The Future of AI",
      "content": "Machine learning is driving the next wave of artificial intelligence, enabling computers to learn from data and improve over time without explicit programming. In this article, we explore the fundamentals of machine learning, from supervised and unsupervised learning to reinforcement learning and deep learning. We discuss the potential applications of machine learning across various industries, including healthcare, finance, and marketing, as well as the challenges and opportunities facing machine learning adoption. With advances in hardware and algorithms, machine learning is poised to revolutionize how we solve complex problems and make decisions in the digital age.",
      "published_date": "2024-03-12T08:00:00Z",
      "topic": 11,
      "publishers": [
        2
      ]
    }
  },
  {
    "model": "newspaper_agency.newspaper",
    "pk": 12,
    "fields": {
      "title": "Augmented Reality: The Next Frontier",
      "content": "Augmented reality (AR) is blurring the lines between the physical and digital worlds, offering new ways to interact with information and experiences. In this article, we explore the latest developments in augmented reality technology, from AR glasses and headsets to AR-enabled smartphones and applications. We discuss the potential applications of AR across various industries, including gaming, education, and retail, as well as the challenges and opportunities facing AR adoption. With AR technology becoming more accessible and affordable, it is poised to revolutionize how we work, play, and learn in the years to come.",
      "published_date": "2024-03-12T08:00:00Z",
      "topic": 12,
      "publishers": [
        3
      ]
    }
  },
  {
    "model": "newspaper_agency.newspaper",
    "pk": 13,
    "fields": {
      "title": "Virtual Reality: Exploring New Realms",
      "content": "Virtual reality (VR) is transforming the way we experience entertainment, training, and communication, transporting users to immersive digital worlds. In this article, we explore the latest advancements in virtual reality technology, from VR headsets and motion controllers to haptic feedback devices and VR arcades. We discuss the potential applications of VR across various industries, including gaming, healthcare, and architecture, as well as the challenges and opportunities facing VR adoption. With VR technology becoming more sophisticated and affordable, it holds the promise of revolutionizing how we learn, collaborate, and entertain ourselves in the future.",
      "published_date": "2024-03-12T08:00:00Z",
      "topic": 13,
      "publishers": [
        1
      ]
    }
  },
  {
    "model": "newspaper_agency.newspaper",
    "pk": 14,
    "fields": {
      "title": "The Promise of Quantum Computing",
      "content": "Quantum computing is poised to revolutionize computing as we know it, solving complex problems at speeds unimaginable with classical computers. In this article, we explore the principles of quantum computing, from qubits and superposition to entanglement and quantum gates. We discuss the potential applications of quantum computing across various fields, including cryptography, drug discovery, and optimization, as well as the challenges and opportunities facing quantum computing research. With quantum computers becoming increasingly powerful and accessible, they hold the potential to unlock new frontiers in science, technology, and innovation.",
      "published_date": "2024-03-12T08:00:00Z",
      "topic": 14,
      "publishers": [
        2
      ]
    }
  },
  {
    "model": "newspaper_agency.newspaper",
    "pk": 15,
    "fields": {
      "title": "The Rise of Robotics",
      "content": "Robotics is revolutionizing industries and reshaping the way we work and live, with robots increasingly performing tasks once thought impossible for machines. In this article, we explore the latest advancements in robotics technology, from humanoid robots and drones to autonomous vehicles and robotic surgery systems. We discuss the potential applications of robotics across various sectors, including manufacturing, healthcare, and logistics, as well as the ethical considerations and societal implications of robotics adoption. With robots becoming more capable and versatile, they hold the promise of enhancing productivity, efficiency, and safety across industries.",
      "published_date": "2024-03-12T08:00:00Z",
      "topic": 15,
      "publishers": [
        3
      ]
    }
  },
  {
    "model": "newspaper_agency.newspaper",
    "pk": 16,
    "fields": {
      "title": "Harnessing the Power of Big Data",
      "content": "Big data is revolutionizing how organizations analyze and leverage vast amounts of information to drive decision-making and innovation. In this article, we explore the fundamentals of big data, from data collection and storage to processing and analysis. We discuss the role of machine learning and artificial intelligence in extracting insights from big data, as well as the challenges and opportunities facing organizations in managing and securing their data assets. With the proliferation of data sources and the increasing demand for data-driven insights, big data is poised to play a central role in shaping the future of business and society.",
      "published_date": "2024-03-12T08:00:00Z",
      "topic": 16,
      "publishers": [
        1
      ]
    }
  },
  {
    "model": "newspaper_agency.newspaper",
    "pk": 17,
    "fields": {
      "title": "Demystifying Cryptocurrency",
      "content": "Cryptocurrency is reshaping the financial landscape, offering new ways to store, transfer, and exchange value in the digital age. In this article, we explore the fundamentals of cryptocurrency, from blockchain technology and decentralized finance to different types of cryptocurrencies and their use cases. We discuss the potential benefits and risks of cryptocurrency investments, as well as the regulatory challenges and market dynamics shaping the crypto industry. With cryptocurrencies gaining mainstream acceptance and adoption, understanding their underlying principles and implications is essential for investors and businesses alike.",
      "published_date": "2024-03-12T08:00:00Z",
      "topic": 17,
      "publishers": [
        2
      ]
    }
  },
  {
    "model": "newspaper_agency.newspaper",
    "pk": 18,
    "fields": {
      "title": "Exploring the Frontier of Bioinformatics",
      "content": "Bioinformatics is revolutionizing biology and medicine, enabling researchers to analyze and interpret vast amounts of biological data to unravel the mysteries of life. In this article, we explore the latest developments in bioinformatics, from genomic sequencing and protein structure prediction to drug discovery and personalized medicine. We discuss the role of computational biology in advancing our understanding of complex biological systems, as well as the challenges and opportunities facing bioinformatics research. With the convergence of biology, computer science, and data analytics, bioinformatics holds the promise of revolutionizing healthcare and improving lives.",
      "published_date": "2024-03-12T08:00:00Z",
      "topic": 18,
      "publishers": [
        3
      ]
    }
  },
  {
    "model": "newspaper_agency.newspaper",
    "pk": 19,
    "fields": {
      "title": "Ensuring Network Security in a Digital World",
      "content": "Network security is paramount in today's interconnected world, with cyber attacks posing a constant threat to organizations and individuals alike. In this article, we explore the latest trends in network security, from zero-trust architecture and secure access service edge (SASE) to network segmentation and threat hunting. We discuss the importance of proactive cybersecurity measures, as well as the role of artificial intelligence and machine learning in detecting and mitigating cyber threats. With the proliferation of connected devices and the increasing sophistication of cyber attacks, safeguarding network infrastructure is more critical than ever.",
      "published_date": "2024-03-12T08:00:00Z",
      "topic": 19,
      "publishers": [
        1
      ]
    }
  },
  {
    "model": "newspaper_agency.newspaper",
    "pk": 20,
    "fields": {
      "title": "The Art and Science of Game Development",
      "content": "Game development is a blend of art and science, combining creativity with technical expertise to create immersive and engaging experiences. In this article, we explore the process of game development, from concept and design to programming and testing. We discuss the latest trends in game design and technology, as well as the tools and platforms used by game developers to bring their ideas to life. With the gaming industry booming and new opportunities emerging in mobile, VR, and AR gaming, the future of game development is bright and exciting.",
      "published_date": "2024-03-12T08:00:00Z",
      "topic": 20,
      "publishers": [
        2
      ]
    }
  }
]